id,idade,salario,cidade,formacao,experiencia_anos
-1.4288690166235207,-0.9463092773082011,-0.8197944748126801,-0.7717436331412897,-0.645183800108411,-0.8698576524810414
-1.0206207261596576,-0.22037339334574546,-0.3347713771743099,-0.08574929257125441,0.09216911430120157,-0.1853794997090744
-0.6123724356957946,-0.22037339334574546,-0.6721787494444804,-0.7717436331412897,-0.645183800108411,-0.5276185760950579
-0.20412414523193154,1.127793248298815,1.1835617980414577,0.6002450479987809,0.8295220287108142,1.1835768058348597
0.20412414523193154,-0.5314887721867979,-0.3347713771743099,1.2862393885688161,-0.645183800108411,-0.6416982682237191
0.6123724356957946,0.4018573643363594,0.12916375969717467,-1.457737973711325,1.5668749431204267,0.2709392688055703
1.0206207261596576,-1.2574246561492535,-0.9674102001808796,1.2862393885688161,-1.3825367145180236,-0.9839373446097026
1.4288690166235207,1.646318879700569,1.8162006210480275,-0.08574929257125441,0.8295220287108142,1.7539752664781654
