id,idade,salario,experiencia_anos,cidade_Sao Paulo,cidade_Rio de Janeiro,cidade_Belo Horizonte,cidade_Curitiba,formacao_Graduacao,formacao_Pos-graduacao,formacao_Mestrado,formacao_Doutorado
-1.4288690166235207,-0.981690793559404,-0.8756671804979341,-0.8698576524810414,True,False,False,False,True,False,False,False
-1.0206207261596576,-0.2528597498562103,-0.3861449025112417,-0.1853794997090744,False,True,False,False,False,True,False,False
-0.6123724356957946,0.0,-0.7266821393715495,-0.5276185760950579,True,False,False,False,True,False,False,False
-0.20412414523193154,1.1006836170211496,1.1462726633601432,1.1835768058348597,False,False,True,False,False,False,True,False
0.20412414523193154,-0.5652159114432933,1.9357300792552664e-16,-0.6416982682237191,False,False,False,True,True,False,False,False
0.6123724356957946,0.3718525733179558,0.08209379817168144,0.2709392688055703,False,False,False,False,False,False,False,True
1.0206207261596576,-1.294046955146487,-1.0246522216243188,-0.9839373446097026,False,False,False,True,False,False,False,False
1.4288690166235207,1.621277219666288,1.7847799824732202,1.7539752664781654,False,True,False,False,False,False,True,False
